–†–∞–∑–¥–µ–ª,–ü–æ–∫–∞–∑–∞—Ç–µ–ª—å,–¶–µ–ª–µ–≤–æ–µ_–∑–Ω–∞—á–µ–Ω–∏–µ,–§–∞–∫—Ç–∏—á–µ—Å–∫–æ–µ_–∑–Ω–∞—á–µ–Ω–∏–µ,–°—Ç–∞—Ç—É—Å,–ö–æ–º–º–µ–Ω—Ç–∞—Ä–∏–∏
–ü–æ—Å–µ—â–∞–µ–º–æ—Å—Ç—å,–û–±—â–µ–µ –∫–æ–ª–∏—á–µ—Å—Ç–≤–æ –ø–æ—Å–µ—Ç–∏—Ç–µ–ª–µ–π,>50,67,üü¢ –û—Ç–ª–∏—á–Ω–æ,–í—ã—Å–æ–∫–∞—è –ø–æ—Å–µ—â–∞–µ–º–æ—Å—Ç—å
–ü–æ—Å–µ—â–∞–µ–º–æ—Å—Ç—å,–ù–æ–≤—ã–µ –∫–ª–∏–µ–Ω—Ç—ã,–ë–µ–∑ –æ–≥—Ä–∞–Ω–∏—á–µ–Ω–∏–π,4,‚ö™ –ù–æ—Ä–º–∞,–•–æ—Ä–æ—à–∞—è –∫–æ–Ω–≤–µ—Ä—Å–∏—è
–ü–æ—Å–µ—â–∞–µ–º–æ—Å—Ç—å,–í–æ–∑–≤—Ä–∞—â–∞—é—â–∏–µ—Å—è –∫–ª–∏–µ–Ω—Ç—ã,–ë–µ–∑ –æ–≥—Ä–∞–Ω–∏—á–µ–Ω–∏–π,63,‚ö™ –ù–æ—Ä–º–∞,–°—Ç–∞–±–∏–ª—å–Ω–∞—è –∫–ª–∏–µ–Ω—Ç—Å–∫–∞—è –±–∞–∑–∞
–ó–∞–≥—Ä—É–∑–∫–∞ –ø—Ä–æ—Å—Ç—Ä–∞–Ω—Å—Ç–≤–∞,–§–∏–∫—Å–∏—Ä–æ–≤–∞–Ω–Ω—ã–µ –º–µ—Å—Ç–∞ (%),>80,89,üü¢ –û—Ç–ª–∏—á–Ω–æ,–ü—Ä–µ–≤—ã—à–µ–Ω–∏–µ —Ü–µ–ª–∏
–ó–∞–≥—Ä—É–∑–∫–∞ –ø—Ä–æ—Å—Ç—Ä–∞–Ω—Å—Ç–≤–∞,–ì–∏–±–∫–∏–µ –º–µ—Å—Ç–∞ (%),>75,73,üü° –ë–ª–∏–∑–∫–æ –∫ —Ü–µ–ª–∏,–ù–µ–±–æ–ª—å—à–æ–µ –æ—Ç—Å—Ç–∞–≤–∞–Ω–∏–µ –æ—Ç —Ü–µ–ª–∏
–ó–∞–≥—Ä—É–∑–∫–∞ –ø—Ä–æ—Å—Ç—Ä–∞–Ω—Å—Ç–≤–∞,–ü–µ—Ä–µ–≥–æ–≤–æ—Ä–Ω—ã–µ –∫–æ–º–Ω–∞—Ç—ã (%),>60,65,üü¢ –û—Ç–ª–∏—á–Ω–æ,–•–æ—Ä–æ—à–∏–π —Ä–µ–∑—É–ª—å—Ç–∞—Ç
–§–∏–Ω–∞–Ω—Å—ã,–û–±—â–∞—è –≤—ã—Ä—É—á–∫–∞ (—Ä—É–±.),–ü–ª–∞–Ω –¥–Ω—è,32750,üü¢ –û—Ç–ª–∏—á–Ω–æ,–ü—Ä–µ–≤—ã—à–µ–Ω–∏–µ –ø–ª–∞–Ω–∞ –Ω–∞ 7%
–§–∏–Ω–∞–Ω—Å—ã,–°—Ä–µ–¥–Ω–∏–π —á–µ–∫ (—Ä—É–±.),>500,689,üü¢ –û—Ç–ª–∏—á–Ω–æ,–í—ã—à–µ —Å—Ä–µ–¥–Ω–µ–≥–æ –ø–æ —Ä—ã–Ω–∫—É
–§–∏–Ω–∞–Ω—Å—ã,–ö–æ–ª–∏—á–µ—Å—Ç–≤–æ —Ç—Ä–∞–Ω–∑–∞–∫—Ü–∏–π,–ë–µ–∑ –æ–≥—Ä–∞–Ω–∏—á–µ–Ω–∏–π,47,‚ö™ –ù–æ—Ä–º–∞,–°—Ç–∞–Ω–¥–∞—Ä—Ç–Ω—ã–π –ø–æ–∫–∞–∑–∞—Ç–µ–ª—å
–§–∏–Ω–∞–Ω—Å—ã,–î–æ—Ö–æ–¥ –æ—Ç –ø–µ—Ä–µ–≥–æ–≤–æ—Ä–Ω—ã—Ö (—Ä—É–±.),–ë–µ–∑ –æ–≥—Ä–∞–Ω–∏—á–µ–Ω–∏–π,4850,‚ö™ –ù–æ—Ä–º–∞,–•–æ—Ä–æ—à–∏–π –¥–æ—Ö–æ–¥ –æ—Ç –ø–µ—Ä–µ–≥–æ–≤–æ—Ä–Ω—ã—Ö
–ò—Å–ø–æ–ª—å–∑–æ–≤–∞–Ω–∏–µ –ø—Ä–æ—Å—Ç—Ä–∞–Ω—Å—Ç–≤–∞,–ó–∞–≥—Ä—É–∑–∫–∞ —Ç–∏—Ö–æ–π –∑–æ–Ω—ã (%),>70,95,üü¢ –û—Ç–ª–∏—á–Ω–æ,–û—á–µ–Ω—å –≤—ã—Å–æ–∫–∏–π —Å–ø—Ä–æ—Å
–ò—Å–ø–æ–ª—å–∑–æ–≤–∞–Ω–∏–µ –ø—Ä–æ—Å—Ç—Ä–∞–Ω—Å—Ç–≤–∞,–ó–∞–≥—Ä—É–∑–∫–∞ –∑–æ–Ω—ã –∑–≤–æ–Ω–∫–æ–≤ (%),>60,78,üü¢ –û—Ç–ª–∏—á–Ω–æ,–ê–∫—Ç–∏–≤–Ω–æ –∏—Å–ø–æ–ª—å–∑—É–µ—Ç—Å—è
–ò—Å–ø–æ–ª—å–∑–æ–≤–∞–Ω–∏–µ –ø—Ä–æ—Å—Ç—Ä–∞–Ω—Å—Ç–≤–∞,–ó–∞–≥—Ä—É–∑–∫–∞ –∫—É—Ö–Ω–∏/–æ—Ç–¥—ã—Ö–∞ (%),>50,82,üü¢ –û—Ç–ª–∏—á–Ω–æ,–ü–æ–ø—É–ª—è—Ä–Ω–∞—è –∑–æ–Ω–∞
–ü—Ä–æ–¥–∞–∂–∏,–ö–æ–ª–∏—á–µ—Å—Ç–≤–æ —ç–∫—Å–∫—É—Ä—Å–∏–π,–ë–µ–∑ –æ–≥—Ä–∞–Ω–∏—á–µ–Ω–∏–π,7,‚ö™ –ù–æ—Ä–º–∞,–ú–Ω–æ–≥–æ –∏–Ω—Ç–µ—Ä–µ—Å—É—é—â–∏—Ö—Å—è
–ü—Ä–æ–¥–∞–∂–∏,–ö–æ–Ω–≤–µ—Ä—Å–∏—è –≤ –ø—Ä–æ–¥–∞–∂—É (%),>30,57,üü¢ –û—Ç–ª–∏—á–Ω–æ,–û—Ç–ª–∏—á–Ω–∞—è –∫–æ–Ω–≤–µ—Ä—Å–∏—è
–ü—Ä–æ–¥–∞–∂–∏,–ü—Ä–æ–¥–ª–µ–Ω–∏—è —Ç–∞—Ä–∏—Ñ–æ–≤,–ë–µ–∑ –æ–≥—Ä–∞–Ω–∏—á–µ–Ω–∏–π,3,‚ö™ –ù–æ—Ä–º–∞,–°—Ç–∞–±–∏–ª—å–Ω–æ—Å—Ç—å –∫–ª–∏–µ–Ω—Ç—Å–∫–æ–π –±–∞–∑—ã
–¢–µ—Ö–Ω–∏—á–µ—Å–∫–æ–µ —Å–æ—Å—Ç–æ—è–Ω–∏–µ,–í—Ä–µ–º—è —Ä–∞–±–æ—Ç—ã –∏–Ω—Ç–µ—Ä–Ω–µ—Ç–∞ (%),>99,99.8,üü¢ –û—Ç–ª–∏—á–Ω–æ,–°—Ç–∞–±–∏–ª—å–Ω–∞—è —Ä–∞–±–æ—Ç–∞
–¢–µ—Ö–Ω–∏—á–µ—Å–∫–æ–µ —Å–æ—Å—Ç–æ—è–Ω–∏–µ,–ß–∏—Å—Ç–æ—Ç–∞ –ø–æ–º–µ—â–µ–Ω–∏–π (1-5),>4.5,4.7,üü¢ –û—Ç–ª–∏—á–Ω–æ,–í—ã—Å–æ–∫–∏–µ —Å—Ç–∞–Ω–¥–∞—Ä—Ç—ã —á–∏—Å—Ç–æ—Ç—ã
–¢–µ—Ö–Ω–∏—á–µ—Å–∫–æ–µ —Å–æ—Å—Ç–æ—è–Ω–∏–µ,–ö–æ–ª–∏—á–µ—Å—Ç–≤–æ –∂–∞–ª–æ–±,<3,1,üü¢ –û—Ç–ª–∏—á–Ω–æ,–ú–∏–Ω–∏–º—É–º –∂–∞–ª–æ–±
–û–±—Å–ª—É–∂–∏–≤–∞–Ω–∏–µ –∫–ª–∏–µ–Ω—Ç–æ–≤,–í—Ä–µ–º—è –æ—Ç–∫–ª–∏–∫–∞ —Å–ª—É–∂–±—ã –ø–æ–¥–¥–µ—Ä–∂–∫–∏ (–º–∏–Ω),<15,12,üü¢ –û—Ç–ª–∏—á–Ω–æ,–ë—ã—Å—Ç—Ä–∞—è –æ–±—Ä–∞–±–æ—Ç–∫–∞ –∑–∞–ø—Ä–æ—Å–æ–≤
–û–±—Å–ª—É–∂–∏–≤–∞–Ω–∏–µ –∫–ª–∏–µ–Ω—Ç–æ–≤,–ü–æ–ª–æ–∂–∏—Ç–µ–ª—å–Ω—ã–µ –æ—Ç–∑—ã–≤—ã,–ë–µ–∑ –æ–≥—Ä–∞–Ω–∏—á–µ–Ω–∏–π,3,‚ö™ –ù–æ—Ä–º–∞,–î–æ–≤–æ–ª—å–Ω—ã–µ –∫–ª–∏–µ–Ω—Ç—ã
–û–±—Å–ª—É–∂–∏–≤–∞–Ω–∏–µ –∫–ª–∏–µ–Ω—Ç–æ–≤,NPS –∏–Ω–¥–µ–∫—Å,>30,42,üü¢ –û—Ç–ª–∏—á–Ω–æ,–•–æ—Ä–æ—à–∏–π –∏–Ω–¥–µ–∫—Å –ª–æ—è–ª—å–Ω–æ—Å—Ç–∏
